-- phpMyAdmin SQL Dump
-- version 5.2.1
-- https://www.phpmyadmin.net/
--
-- Host: 127.0.0.1
-- Generation Time: Mar 04, 2026 at 09:55 AM
-- Server version: 10.4.32-MariaDB
-- PHP Version: 8.2.12

SET SQL_MODE = "NO_AUTO_VALUE_ON_ZERO";
START TRANSACTION;
SET time_zone = "+00:00";


/*!40101 SET @OLD_CHARACTER_SET_CLIENT=@@CHARACTER_SET_CLIENT */;
/*!40101 SET @OLD_CHARACTER_SET_RESULTS=@@CHARACTER_SET_RESULTS */;
/*!40101 SET @OLD_COLLATION_CONNECTION=@@COLLATION_CONNECTION */;
/*!40101 SET NAMES utf8mb4 */;

--
-- Database: `tani`
--

-- --------------------------------------------------------

--
-- Table structure for table `bantuan`
--

CREATE TABLE `bantuan` (
  `id_bantuan` int(11) NOT NULL,
  `id_pengguna` int(11) NOT NULL,
  `jenis_bantuan` enum('Alat','Bibit') NOT NULL,
  `nama_bantuan` varchar(25) NOT NULL,
  `tanggal_diberikan` date NOT NULL,
  `jumlah_bantuan` int(11) NOT NULL
) ENGINE=InnoDB DEFAULT CHARSET=utf8mb4 COLLATE=utf8mb4_general_ci;

--
-- Dumping data for table `bantuan`
--

INSERT INTO `bantuan` (`id_bantuan`, `id_pengguna`, `jenis_bantuan`, `nama_bantuan`, `tanggal_diberikan`, `jumlah_bantuan`) VALUES
(1, 1, 'Alat', 'Diesel Air', '2020-05-12', 1),
(2, 2, 'Alat', 'Hand Tractor', '2022-03-20', 1),
(3, 3, 'Bibit', 'Bibit Inpari 49', '2025-10-11', 115),
(4, 4, 'Bibit', 'Bibit Inpari 32', '2025-06-15', 135),
(5, 5, 'Alat', 'Power Treser', '2020-02-05', 1),
(6, 11, 'Bibit', 'Jagung Tongkol Dua', '2021-06-02', 54);

-- --------------------------------------------------------

--
-- Table structure for table `hasil_panen`
--

CREATE TABLE `hasil_panen` (
  `id_panen` int(11) NOT NULL,
  `id_pengguna` int(11) NOT NULL,
  `jenis_tanaman` varchar(15) NOT NULL,
  `luas_lahan` decimal(5,1) NOT NULL,
  `periode_tanam` date NOT NULL,
  `periode_panen` date NOT NULL,
  `jumlah_panen` decimal(5,1) NOT NULL,
  `jumlah_pupuk` decimal(5,1) NOT NULL
) ENGINE=InnoDB DEFAULT CHARSET=utf8mb4 COLLATE=utf8mb4_general_ci;

--
-- Dumping data for table `hasil_panen`
--

INSERT INTO `hasil_panen` (`id_panen`, `id_pengguna`, `jenis_tanaman`, `luas_lahan`, `periode_tanam`, `periode_panen`, `jumlah_panen`, `jumlah_pupuk`) VALUES
(1, 1, 'Padi', 3800.0, '2020-10-12', '2021-02-23', 3397.0, 226.0),
(2, 1, 'Jagung', 3800.0, '2020-02-05', '2020-06-21', 3299.0, 215.0),
(3, 1, 'Padi', 3800.0, '2020-06-18', '2021-10-22', 3253.0, 208.0),
(4, 2, 'Padi', 3700.0, '2020-10-08', '2021-02-27', 2992.0, 236.0),
(5, 2, 'Jagung', 3700.0, '2020-02-14', '2020-06-19', 3181.0, 200.0),
(6, 2, 'Padi', 3700.0, '2020-06-24', '2021-10-29', 2839.0, 232.0),
(7, 3, 'Padi', 3600.0, '2020-10-15', '2021-02-20', 3251.0, 210.0),
(8, 3, 'Jagung', 3600.0, '2020-02-11', '2020-06-24', 3300.0, 213.0),
(9, 3, 'Padi', 3600.0, '2020-06-11', '2021-10-26', 3335.0, 243.0),
(10, 4, 'Padi', 3900.0, '2020-10-04', '2021-02-28', 3011.0, 234.0),
(11, 4, 'Jagung', 3900.0, '2020-02-18', '2020-06-25', 2858.0, 214.0),
(12, 4, 'Padi', 3900.0, '2020-06-22', '2021-10-20', 3050.0, 241.0),
(13, 5, 'Padi', 3500.0, '2020-10-14', '2021-02-21', 2958.0, 223.0),
(14, 5, 'Jagung', 3500.0, '2020-02-02', '2020-06-28', 3100.0, 205.0),
(15, 5, 'Padi', 3500.0, '2020-06-09', '2021-10-14', 3169.0, 219.0),
(16, 6, 'Padi', 3600.0, '2020-10-19', '2021-02-24', 2872.0, 249.0),
(17, 6, 'Jagung', 3600.0, '2020-02-25', '2020-06-12', 2765.0, 215.0),
(18, 6, 'Padi', 3600.0, '2020-06-13', '2021-10-21', 3066.0, 238.0),
(19, 7, 'Padi', 3700.0, '2020-10-26', '2021-02-14', 3578.0, 201.0),
(20, 7, 'Jagung', 3700.0, '2020-02-12', '2020-06-23', 3600.0, 237.0),
(21, 7, 'Padi', 3700.0, '2020-06-15', '2021-10-10', 3321.0, 229.0),
(22, 8, 'Padi', 3800.0, '2020-10-02', '2021-02-18', 3314.0, 217.0),
(23, 8, 'Jagung', 3800.0, '2020-02-21', '2020-06-08', 3210.0, 228.0),
(24, 8, 'Padi', 3800.0, '2020-06-04', '2021-10-24', 3051.0, 229.0),
(25, 9, 'Padi', 3650.0, '2020-10-28', '2021-02-11', 3115.0, 242.0),
(26, 9, 'Jagung', 3650.0, '2020-02-07', '2020-06-17', 2878.0, 250.0),
(27, 9, 'Padi', 3650.0, '2020-06-27', '2021-10-12', 2993.0, 226.0),
(28, 11, 'Padi', 4000.0, '2020-10-11', '2021-02-19', 3064.0, 208.0),
(29, 11, 'Jagung', 4000.0, '2020-02-15', '2020-06-22', 2953.0, 233.0),
(30, 11, 'Padi', 4000.0, '2020-06-18', '2021-10-25', 2827.0, 231.0),
(31, 12, 'Padi', 3900.0, '2020-10-09', '2021-02-26', 3021.0, 235.0),
(32, 12, 'Jagung', 3900.0, '2020-02-22', '2020-06-04', 2846.0, 208.0),
(33, 12, 'Padi', 3900.0, '2020-06-30', '2021-10-15', 2894.0, 237.0),
(34, 14, 'Padi', 3500.0, '2020-10-01', '2021-02-20', 3007.0, 210.0),
(35, 14, 'Jagung', 3500.0, '2020-02-11', '2020-06-14', 2932.0, 229.0),
(36, 14, 'Padi', 3500.0, '2020-06-25', '2021-10-11', 2781.0, 240.0),
(37, 15, 'Padi', 3600.0, '2020-10-14', '2021-02-22', 3130.0, 237.0),
(38, 15, 'Jagung', 3600.0, '2020-02-23', '2020-06-10', 3135.0, 221.0),
(39, 15, 'Padi', 3600.0, '2020-06-06', '2021-10-08', 3129.0, 246.0),
(40, 16, 'Padi', 3700.0, '2020-10-05', '2021-02-17', 3419.0, 235.0),
(41, 16, 'Jagung', 3700.0, '2020-02-09', '2020-06-27', 3452.0, 247.0),
(42, 16, 'Padi', 3700.0, '2020-06-19', '2021-10-21', 3181.0, 241.0),
(43, 17, 'Padi', 3800.0, '2020-10-13', '2021-02-25', 3313.0, 201.0),
(44, 17, 'Jagung', 3800.0, '2020-02-16', '2020-06-20', 3207.0, 229.0),
(45, 17, 'Padi', 3800.0, '2020-06-10', '2021-10-05', 3291.0, 203.0),
(46, 18, 'Padi', 2800.0, '2020-10-21', '2021-02-12', 1947.0, 235.0),
(47, 18, 'Jagung', 2800.0, '2020-02-28', '2020-06-05', 2053.0, 237.0),
(48, 18, 'Padi', 2800.0, '2020-06-02', '2021-10-14', 1977.0, 237.0),
(49, 19, 'Padi', 3400.0, '2020-10-06', '2021-02-24', 2543.0, 222.0),
(50, 19, 'Jagung', 3400.0, '2020-02-19', '2020-06-16', 2731.0, 246.0),
(51, 19, 'Padi', 3400.0, '2020-06-20', '2021-10-30', 2627.0, 212.0),
(52, 20, 'Padi', 3600.0, '2020-10-12', '2021-02-26', 3306.0, 236.0),
(53, 20, 'Jagung', 3600.0, '2020-02-14', '2020-06-25', 3074.0, 205.0),
(54, 20, 'Padi', 3600.0, '2020-06-28', '2021-10-11', 3440.0, 218.0),
(55, 21, 'Padi', 3500.0, '2020-10-09', '2021-02-21', 2932.0, 218.0),
(56, 21, 'Jagung', 3500.0, '2020-02-24', '2020-06-09', 3088.0, 234.0),
(57, 21, 'Padi', 3500.0, '2020-06-17', '2021-10-20', 2812.0, 218.0),
(58, 22, 'Padi', 3600.0, '2020-10-03', '2021-02-27', 2676.0, 207.0),
(59, 22, 'Jagung', 3600.0, '2020-02-13', '2020-06-18', 2792.0, 237.0),
(60, 22, 'Padi', 3600.0, '2020-06-22', '2021-10-02', 2874.0, 234.0),
(61, 23, 'Padi', 3700.0, '2020-10-15', '2021-02-16', 2817.0, 243.0),
(62, 23, 'Jagung', 3700.0, '2020-02-06', '2020-06-22', 3116.0, 229.0),
(63, 23, 'Padi', 3700.0, '2020-06-08', '2021-10-13', 2815.0, 228.0),
(64, 24, 'Padi', 3650.0, '2020-10-04', '2021-02-23', 2840.0, 204.0),
(65, 24, 'Jagung', 3650.0, '2020-02-27', '2020-06-03', 2585.0, 214.0),
(66, 24, 'Padi', 3650.0, '2020-06-19', '2021-10-27', 2678.0, 236.0),
(67, 25, 'Padi', 3550.0, '2020-10-12', '2021-02-18', 3251.0, 243.0),
(68, 25, 'Jagung', 3550.0, '2020-02-05', '2020-06-26', 3195.0, 206.0),
(69, 25, 'Padi', 3550.0, '2020-06-21', '2021-10-24', 3058.0, 227.0),
(70, 26, 'Padi', 3750.0, '2020-10-18', '2021-02-25', 3058.0, 249.0),
(71, 26, 'Jagung', 3750.0, '2020-02-15', '2020-06-11', 2856.0, 218.0),
(72, 26, 'Padi', 3750.0, '2020-06-03', '2021-10-19', 2857.0, 249.0),
(73, 27, 'Padi', 3600.0, '2020-10-20', '2021-02-22', 3207.0, 209.0),
(74, 27, 'Jagung', 3600.0, '2020-02-02', '2020-06-30', 2895.0, 206.0),
(75, 27, 'Padi', 3600.0, '2020-06-25', '2021-10-28', 3293.0, 240.0),
(76, 1, 'Padi', 3800.0, '2021-10-09', '2022-02-24', 2994.0, 215.0),
(77, 1, 'Jagung', 3800.0, '2021-02-12', '2021-06-18', 2829.0, 215.0),
(78, 1, 'Padi', 3800.0, '2021-06-25', '2022-10-14', 2772.0, 206.0),
(79, 2, 'Padi', 3700.0, '2021-10-14', '2022-02-21', 2948.0, 212.0),
(80, 2, 'Jagung', 3700.0, '2021-02-08', '2021-06-30', 2912.0, 250.0),
(81, 2, 'Padi', 3700.0, '2021-06-05', '2022-10-22', 2873.0, 239.0),
(82, 3, 'Padi', 3600.0, '2021-10-27', '2022-02-11', 2943.0, 250.0),
(83, 3, 'Jagung', 3600.0, '2021-02-19', '2021-06-05', 2865.0, 215.0),
(84, 3, 'Padi', 3600.0, '2021-06-28', '2022-10-09', 2569.0, 214.0),
(85, 4, 'Padi', 3900.0, '2021-10-11', '2022-02-18', 3049.0, 212.0),
(86, 4, 'Jagung', 3900.0, '2021-02-22', '2021-06-12', 3148.0, 217.0),
(87, 4, 'Padi', 3900.0, '2021-06-01', '2022-10-26', 3271.0, 207.0),
(88, 5, 'Padi', 3500.0, '2021-10-03', '2022-02-28', 2837.0, 229.0),
(89, 5, 'Jagung', 3500.0, '2021-02-04', '2021-06-22', 2764.0, 239.0),
(90, 5, 'Padi', 3500.0, '2021-06-15', '2022-10-18', 2653.0, 228.0),
(91, 6, 'Padi', 3600.0, '2021-10-19', '2022-02-14', 3210.0, 239.0),
(92, 6, 'Jagung', 3600.0, '2021-02-21', '2021-06-03', 3041.0, 205.0),
(93, 6, 'Padi', 3600.0, '2021-06-24', '2022-10-02', 3161.0, 223.0),
(94, 7, 'Padi', 3700.0, '2021-10-25', '2022-02-12', 2898.0, 201.0),
(95, 7, 'Jagung', 3700.0, '2021-02-06', '2021-06-26', 2922.0, 203.0),
(96, 7, 'Padi', 3700.0, '2021-06-19', '2022-10-29', 2832.0, 240.0),
(97, 8, 'Padi', 3800.0, '2021-10-07', '2022-02-21', 2972.0, 235.0),
(98, 8, 'Jagung', 3800.0, '2021-02-13', '2021-06-15', 2951.0, 227.0),
(99, 8, 'Padi', 3800.0, '2021-06-08', '2022-10-14', 2793.0, 236.0),
(100, 9, 'Padi', 3650.0, '2021-10-14', '2022-02-23', 3122.0, 207.0),
(101, 9, 'Jagung', 3650.0, '2021-02-27', '2021-06-10', 3499.0, 244.0),
(102, 9, 'Padi', 3650.0, '2021-06-25', '2022-10-05', 3478.0, 230.0),
(103, 11, 'Padi', 4000.0, '2021-10-02', '2022-02-28', 2802.0, 250.0),
(104, 11, 'Jagung', 4000.0, '2021-02-05', '2021-06-21', 3058.0, 242.0),
(105, 11, 'Padi', 4000.0, '2021-06-11', '2022-10-22', 2963.0, 226.0),
(106, 12, 'Padi', 3900.0, '2021-10-22', '2022-02-18', 2934.0, 221.0),
(107, 12, 'Jagung', 3900.0, '2021-02-18', '2021-06-14', 2757.0, 225.0),
(108, 12, 'Padi', 3900.0, '2021-06-21', '2022-10-28', 3133.0, 232.0),
(109, 14, 'Padi', 3500.0, '2021-10-09', '2022-02-20', 3080.0, 222.0),
(110, 14, 'Jagung', 3500.0, '2021-02-24', '2021-06-09', 2997.0, 208.0),
(111, 14, 'Padi', 3500.0, '2021-06-17', '2022-10-20', 2925.0, 222.0),
(112, 15, 'Padi', 3600.0, '2021-10-15', '2022-02-25', 2710.0, 244.0),
(113, 15, 'Jagung', 3600.0, '2021-02-12', '2021-06-22', 2732.0, 230.0),
(114, 15, 'Padi', 3600.0, '2021-06-08', '2022-10-13', 2693.0, 200.0),
(115, 16, 'Padi', 3700.0, '2021-10-20', '2022-02-24', 3246.0, 249.0),
(116, 16, 'Jagung', 3700.0, '2021-02-27', '2021-06-03', 3302.0, 233.0),
(117, 16, 'Padi', 3700.0, '2021-06-19', '2022-10-27', 3358.0, 204.0),
(118, 17, 'Padi', 3800.0, '2021-10-12', '2022-02-18', 3552.0, 213.0),
(119, 17, 'Jagung', 3800.0, '2021-02-05', '2021-06-26', 3405.0, 220.0),
(120, 17, 'Padi', 3800.0, '2021-06-21', '2022-10-24', 3290.0, 227.0),
(121, 18, 'Padi', 2800.0, '2021-10-18', '2022-02-25', 2012.0, 225.0),
(122, 18, 'Jagung', 2800.0, '2021-02-15', '2021-06-11', 2145.0, 233.0),
(123, 18, 'Padi', 2800.0, '2021-06-03', '2022-10-19', 2140.0, 229.0),
(124, 19, 'Padi', 3400.0, '2021-10-20', '2022-02-22', 2707.0, 221.0),
(125, 19, 'Jagung', 3400.0, '2021-02-02', '2021-06-30', 2737.0, 211.0),
(126, 19, 'Padi', 3400.0, '2021-06-25', '2022-10-28', 2946.0, 231.0),
(127, 20, 'Padi', 3600.0, '2021-10-09', '2022-02-24', 2762.0, 238.0),
(128, 20, 'Jagung', 3600.0, '2021-02-12', '2021-06-18', 2657.0, 249.0),
(129, 20, 'Padi', 3600.0, '2021-06-25', '2022-10-14', 3025.0, 239.0),
(130, 21, 'Padi', 3500.0, '2021-10-14', '2022-02-21', 3089.0, 246.0),
(131, 21, 'Jagung', 3500.0, '2021-02-08', '2021-06-30', 2818.0, 210.0),
(132, 21, 'Padi', 3500.0, '2021-06-05', '2022-10-22', 3179.0, 210.0),
(133, 22, 'Padi', 3600.0, '2021-10-27', '2022-02-11', 3125.0, 217.0),
(134, 22, 'Jagung', 3600.0, '2021-02-19', '2021-06-05', 3324.0, 211.0),
(135, 22, 'Padi', 3600.0, '2021-06-28', '2022-10-09', 3270.0, 248.0),
(136, 23, 'Padi', 3700.0, '2021-10-11', '2022-02-18', 2810.0, 207.0),
(137, 23, 'Jagung', 3700.0, '2021-02-22', '2021-06-12', 2916.0, 220.0),
(138, 23, 'Padi', 3700.0, '2021-06-01', '2022-10-26', 2729.0, 229.0),
(139, 24, 'Padi', 3650.0, '2021-10-03', '2022-02-28', 3216.0, 234.0),
(140, 24, 'Jagung', 3650.0, '2021-02-04', '2021-06-22', 3346.0, 242.0),
(141, 24, 'Padi', 3650.0, '2021-06-15', '2022-10-18', 3154.0, 217.0),
(142, 25, 'Padi', 3550.0, '2021-10-19', '2022-02-14', 3195.0, 231.0),
(143, 25, 'Jagung', 3550.0, '2021-02-21', '2021-06-03', 2971.0, 243.0),
(144, 25, 'Padi', 3550.0, '2021-06-24', '2022-10-02', 3321.0, 212.0),
(145, 26, 'Padi', 3750.0, '2021-10-25', '2022-02-12', 3528.0, 222.0),
(146, 26, 'Jagung', 3750.0, '2021-02-06', '2021-06-26', 3255.0, 250.0),
(147, 26, 'Padi', 3750.0, '2021-06-19', '2022-10-29', 3343.0, 231.0),
(148, 27, 'Padi', 3600.0, '2021-10-07', '2022-02-21', 2755.0, 240.0),
(149, 27, 'Jagung', 3600.0, '2021-02-13', '2021-06-15', 2514.0, 240.0),
(150, 27, 'Padi', 3600.0, '2021-06-08', '2022-10-14', 2601.0, 214.0),
(151, 1, 'Padi', 3800.0, '2022-10-05', '2023-02-28', 3171.0, 210.0),
(152, 1, 'Jagung', 3800.0, '2022-02-20', '2022-06-15', 3319.0, 204.0),
(153, 1, 'Padi', 3800.0, '2022-06-12', '2023-10-19', 3432.0, 244.0),
(154, 2, 'Padi', 3700.0, '2022-10-22', '2023-02-14', 3329.0, 204.0),
(155, 2, 'Jagung', 3700.0, '2022-02-04', '2022-06-28', 3171.0, 212.0),
(156, 2, 'Padi', 3700.0, '2022-06-07', '2023-10-05', 3488.0, 249.0),
(157, 3, 'Padi', 3600.0, '2022-10-11', '2023-02-12', 2766.0, 246.0),
(158, 3, 'Jagung', 3600.0, '2022-02-26', '2022-06-14', 2620.0, 201.0),
(159, 3, 'Padi', 3600.0, '2022-06-30', '2023-10-22', 2738.0, 212.0),
(160, 4, 'Padi', 3900.0, '2022-10-14', '2023-02-21', 3100.0, 223.0),
(161, 4, 'Jagung', 3900.0, '2022-02-08', '2022-06-30', 3068.0, 225.0),
(162, 4, 'Padi', 3900.0, '2022-06-05', '2023-10-25', 3459.0, 248.0),
(163, 5, 'Padi', 3500.0, '2022-10-27', '2023-02-11', 3026.0, 238.0),
(164, 5, 'Jagung', 3500.0, '2022-02-19', '2022-06-05', 3020.0, 228.0),
(165, 5, 'Padi', 3500.0, '2022-06-28', '2023-10-09', 3352.0, 204.0),
(166, 6, 'Padi', 3600.0, '2022-10-11', '2023-02-18', 2821.0, 249.0),
(167, 6, 'Jagung', 3600.0, '2022-02-22', '2022-06-12', 2885.0, 201.0),
(168, 6, 'Padi', 3600.0, '2022-06-01', '2023-10-26', 2700.0, 250.0),
(169, 7, 'Padi', 3700.0, '2022-10-03', '2023-02-28', 2655.0, 247.0),
(170, 7, 'Jagung', 3700.0, '2022-02-04', '2022-06-22', 2967.0, 207.0),
(171, 7, 'Padi', 3700.0, '2022-06-15', '2023-10-18', 2758.0, 224.0),
(172, 8, 'Padi', 3800.0, '2022-10-19', '2023-02-14', 3585.0, 234.0),
(173, 8, 'Jagung', 3800.0, '2022-02-21', '2023-06-03', 3411.0, 212.0),
(174, 8, 'Padi', 3800.0, '2022-06-24', '2023-10-02', 3146.0, 245.0),
(175, 9, 'Padi', 3650.0, '2022-10-25', '2023-02-12', 2913.0, 221.0),
(176, 9, 'Jagung', 3650.0, '2022-02-06', '2022-06-26', 3117.0, 245.0),
(177, 9, 'Padi', 3650.0, '2022-06-19', '2023-10-29', 3025.0, 231.0),
(178, 11, 'Padi', 4000.0, '2022-10-07', '2023-02-21', 3606.0, 238.0),
(179, 11, 'Jagung', 4000.0, '2022-02-13', '2022-06-15', 3606.0, 212.0),
(180, 11, 'Padi', 4000.0, '2022-06-08', '2023-10-14', 3381.0, 204.0),
(181, 12, 'Padi', 3900.0, '2022-10-14', '2023-02-23', 3550.0, 235.0),
(182, 12, 'Jagung', 3900.0, '2022-02-27', '2022-06-10', 3314.0, 217.0),
(183, 12, 'Padi', 3900.0, '2022-06-25', '2023-10-05', 3455.0, 216.0),
(184, 14, 'Padi', 3500.0, '2022-10-02', '2023-02-28', 2907.0, 228.0),
(185, 14, 'Jagung', 3500.0, '2022-02-05', '2022-06-21', 3094.0, 239.0),
(186, 14, 'Padi', 3500.0, '2022-06-11', '2023-10-22', 3107.0, 201.0),
(187, 15, 'Padi', 3600.0, '2022-10-22', '2023-02-18', 3299.0, 204.0),
(188, 15, 'Jagung', 3600.0, '2022-02-18', '2022-06-14', 3361.0, 248.0),
(189, 15, 'Padi', 3600.0, '2022-06-21', '2023-10-28', 3040.0, 226.0),
(190, 16, 'Padi', 3700.0, '2022-10-09', '2023-02-20', 2985.0, 235.0),
(191, 16, 'Jagung', 3700.0, '2022-02-24', '2022-06-09', 3033.0, 224.0),
(192, 16, 'Padi', 3700.0, '2022-06-17', '2023-10-20', 3017.0, 215.0),
(193, 17, 'Padi', 3800.0, '2022-10-15', '2023-02-25', 3022.0, 235.0),
(194, 17, 'Jagung', 3800.0, '2022-02-12', '2022-06-22', 2673.0, 243.0),
(195, 17, 'Padi', 3800.0, '2022-06-08', '2023-10-13', 2846.0, 204.0),
(196, 18, 'Padi', 2800.0, '2022-10-20', '2023-02-24', 2040.0, 245.0),
(197, 18, 'Jagung', 2800.0, '2022-02-27', '2022-06-03', 2314.0, 201.0),
(198, 18, 'Padi', 2800.0, '2022-06-19', '2023-10-27', 2322.0, 235.0),
(199, 19, 'Padi', 3400.0, '2022-10-12', '2023-02-18', 2620.0, 227.0),
(200, 19, 'Jagung', 3400.0, '2022-02-05', '2022-06-26', 2557.0, 232.0),
(201, 19, 'Padi', 3400.0, '2022-06-21', '2023-10-24', 2720.0, 219.0),
(202, 20, 'Padi', 3600.0, '2022-10-18', '2023-02-25', 2718.0, 213.0),
(203, 20, 'Jagung', 3600.0, '2022-02-15', '2022-06-11', 2623.0, 244.0),
(204, 20, 'Padi', 3600.0, '2022-06-03', '2023-10-19', 2844.0, 237.0),
(205, 21, 'Padi', 3500.0, '2022-10-20', '2023-02-22', 2909.0, 226.0),
(206, 21, 'Jagung', 3500.0, '2022-02-02', '2022-06-30', 2802.0, 206.0),
(207, 21, 'Padi', 3500.0, '2022-06-25', '2023-10-28', 3037.0, 238.0),
(208, 22, 'Padi', 3600.0, '2022-10-09', '2023-02-24', 2767.0, 210.0),
(209, 22, 'Jagung', 3600.0, '2022-02-12', '2021-06-18', 2777.0, 221.0),
(210, 22, 'Padi', 3600.0, '2022-06-25', '2023-10-14', 2783.0, 231.0),
(211, 23, 'Padi', 3700.0, '2022-10-14', '2023-02-21', 3007.0, 249.0),
(212, 23, 'Jagung', 3700.0, '2022-02-08', '2022-06-30', 3179.0, 244.0),
(213, 23, 'Padi', 3700.0, '2022-06-05', '2023-10-22', 3096.0, 229.0),
(214, 24, 'Padi', 3650.0, '2022-10-27', '2023-02-11', 3265.0, 201.0),
(215, 24, 'Jagung', 3650.0, '2022-02-19', '2022-06-05', 3271.0, 210.0),
(216, 24, 'Padi', 3650.0, '2022-06-28', '2023-10-09', 2967.0, 238.0),
(217, 25, 'Padi', 3550.0, '2022-10-11', '2023-02-18', 2644.0, 211.0),
(218, 25, 'Jagung', 3550.0, '2022-02-22', '2022-06-12', 2925.0, 250.0),
(219, 25, 'Padi', 3550.0, '2022-06-01', '2023-10-26', 2927.0, 224.0),
(220, 26, 'Padi', 3750.0, '2022-10-03', '2023-02-28', 2923.0, 205.0),
(221, 26, 'Jagung', 3750.0, '2022-02-04', '2022-06-22', 2868.0, 249.0),
(222, 26, 'Padi', 3750.0, '2022-06-15', '2023-10-18', 3222.0, 231.0),
(223, 27, 'Padi', 3600.0, '2022-10-19', '2023-02-14', 2677.0, 210.0),
(224, 27, 'Jagung', 3600.0, '2022-02-21', '2023-06-03', 2931.0, 236.0),
(225, 27, 'Padi', 3600.0, '2022-06-24', '2023-10-02', 2667.0, 218.0),
(226, 1, 'Padi', 3800.0, '2023-10-12', '2024-02-23', 3424.0, 244.0),
(227, 1, 'Jagung', 3800.0, '2023-02-05', '2023-06-21', 3538.0, 204.0),
(228, 1, 'Padi', 3800.0, '2023-06-18', '2024-10-22', 3384.0, 234.0),
(229, 2, 'Padi', 3700.0, '2023-10-08', '2024-02-27', 3139.0, 229.0),
(230, 2, 'Jagung', 3700.0, '2023-02-14', '2023-06-19', 2883.0, 247.0),
(231, 2, 'Padi', 3700.0, '2023-06-24', '2024-10-29', 3257.0, 235.0),
(232, 3, 'Padi', 3600.0, '2023-10-15', '2024-02-20', 3386.0, 220.0),
(233, 3, 'Jagung', 3600.0, '2023-02-11', '2023-06-24', 3239.0, 224.0),
(234, 3, 'Padi', 3600.0, '2023-06-11', '2024-10-26', 3278.0, 235.0),
(235, 4, 'Padi', 3900.0, '2023-10-04', '2024-02-28', 3193.0, 210.0),
(236, 4, 'Jagung', 3900.0, '2023-02-18', '2023-06-25', 3179.0, 204.0),
(237, 4, 'Padi', 3900.0, '2023-06-22', '2024-10-20', 3032.0, 240.0),
(238, 5, 'Padi', 3500.0, '2023-10-14', '2024-02-21', 2909.0, 205.0),
(239, 5, 'Jagung', 3500.0, '2023-02-02', '2023-06-28', 2763.0, 244.0),
(240, 5, 'Padi', 3500.0, '2023-06-09', '2024-10-14', 2722.0, 203.0),
(241, 6, 'Padi', 3600.0, '2023-10-19', '2024-02-24', 3103.0, 219.0),
(242, 6, 'Jagung', 3600.0, '2023-02-25', '2023-06-12', 3108.0, 224.0),
(243, 6, 'Padi', 3600.0, '2023-06-13', '2024-10-21', 2857.0, 225.0),
(244, 7, 'Padi', 3700.0, '2023-10-26', '2024-02-14', 3128.0, 238.0),
(245, 7, 'Jagung', 3700.0, '2023-02-12', '2023-06-23', 2964.0, 245.0),
(246, 7, 'Padi', 3700.0, '2023-06-15', '2024-10-10', 2979.0, 212.0),
(247, 8, 'Padi', 3800.0, '2023-10-02', '2024-02-18', 3502.0, 210.0),
(248, 8, 'Jagung', 3800.0, '2023-02-21', '2023-06-08', 3498.0, 203.0),
(249, 8, 'Padi', 3800.0, '2023-06-04', '2024-10-24', 3334.0, 233.0),
(250, 9, 'Padi', 3650.0, '2023-10-28', '2024-02-11', 2583.0, 244.0),
(251, 9, 'Jagung', 3650.0, '2023-02-07', '2023-06-17', 2918.0, 217.0),
(252, 9, 'Padi', 3650.0, '2023-06-27', '2024-10-12', 2706.0, 240.0),
(253, 11, 'Padi', 4000.0, '2023-10-11', '2024-02-19', 2994.0, 238.0),
(254, 11, 'Jagung', 4000.0, '2023-02-15', '2023-06-22', 3078.0, 236.0),
(255, 11, 'Padi', 4000.0, '2023-06-18', '2024-10-25', 3236.0, 243.0),
(256, 12, 'Padi', 3900.0, '2023-10-09', '2024-02-26', 2935.0, 204.0),
(257, 12, 'Jagung', 3900.0, '2023-02-22', '2023-06-04', 2872.0, 230.0),
(258, 12, 'Padi', 3900.0, '2023-06-30', '2024-10-15', 2911.0, 211.0),
(259, 14, 'Padi', 3500.0, '2023-10-01', '2024-02-20', 2703.0, 235.0),
(260, 14, 'Jagung', 3500.0, '2023-02-11', '2023-06-14', 2693.0, 216.0),
(261, 14, 'Padi', 3500.0, '2023-06-25', '2024-10-11', 2492.0, 221.0),
(262, 15, 'Padi', 3600.0, '2023-10-14', '2024-02-22', 2869.0, 209.0),
(263, 15, 'Jagung', 3600.0, '2023-02-23', '2023-06-10', 2937.0, 245.0),
(264, 15, 'Padi', 3600.0, '2023-06-06', '2024-10-08', 2990.0, 225.0),
(265, 16, 'Padi', 3700.0, '2023-10-05', '2024-02-17', 2922.0, 250.0),
(266, 16, 'Jagung', 3700.0, '2023-02-09', '2023-06-27', 2760.0, 217.0),
(267, 16, 'Padi', 3700.0, '2023-06-19', '2024-10-21', 2960.0, 226.0),
(268, 17, 'Padi', 3800.0, '2023-10-13', '2024-02-25', 3359.0, 222.0),
(269, 17, 'Jagung', 3800.0, '2023-02-16', '2023-06-20', 3218.0, 238.0),
(270, 17, 'Padi', 3800.0, '2023-06-10', '2024-10-05', 3524.0, 208.0),
(271, 18, 'Padi', 2800.0, '2023-10-21', '2024-02-12', 2198.0, 214.0),
(272, 18, 'Jagung', 2800.0, '2023-02-28', '2023-06-05', 1982.0, 205.0),
(273, 18, 'Padi', 2800.0, '2023-06-02', '2024-10-14', 2086.0, 249.0),
(274, 19, 'Padi', 3400.0, '2023-10-06', '2024-02-24', 2528.0, 226.0),
(275, 19, 'Jagung', 3400.0, '2023-02-19', '2023-06-16', 2851.0, 247.0),
(276, 19, 'Padi', 3400.0, '2023-06-20', '2024-10-30', 2488.0, 200.0),
(277, 20, 'Padi', 3600.0, '2023-10-12', '2024-02-26', 2747.0, 217.0),
(278, 20, 'Jagung', 3600.0, '2023-02-14', '2023-06-25', 2853.0, 240.0),
(279, 20, 'Padi', 3600.0, '2023-06-28', '2024-10-11', 2569.0, 243.0),
(280, 21, 'Padi', 3500.0, '2023-10-09', '2024-02-21', 3243.0, 204.0),
(281, 21, 'Jagung', 3500.0, '2023-02-24', '2023-06-09', 2951.0, 210.0),
(282, 21, 'Padi', 3500.0, '2023-06-17', '2024-10-20', 3267.0, 244.0),
(283, 22, 'Padi', 3600.0, '2023-10-03', '2024-02-27', 3137.0, 224.0),
(284, 22, 'Jagung', 3600.0, '2023-02-13', '2023-06-18', 3065.0, 221.0),
(285, 22, 'Padi', 3600.0, '2023-06-22', '2024-10-02', 3147.0, 242.0),
(286, 23, 'Padi', 3700.0, '2023-10-15', '2024-02-16', 3159.0, 227.0),
(287, 23, 'Jagung', 3700.0, '2023-02-06', '2023-06-22', 3045.0, 218.0),
(288, 23, 'Padi', 3700.0, '2023-06-08', '2024-10-13', 3355.0, 248.0),
(289, 24, 'Padi', 3650.0, '2023-10-04', '2024-02-23', 3057.0, 223.0),
(290, 24, 'Jagung', 3650.0, '2023-02-27', '2023-06-03', 2902.0, 215.0),
(291, 24, 'Padi', 3650.0, '2023-06-19', '2024-10-27', 2847.0, 218.0),
(292, 25, 'Padi', 3550.0, '2023-10-12', '2024-02-18', 3118.0, 239.0),
(293, 25, 'Jagung', 3550.0, '2023-02-05', '2023-06-26', 3256.0, 235.0),
(294, 25, 'Padi', 3550.0, '2023-06-21', '2024-10-24', 3066.0, 204.0),
(295, 26, 'Padi', 3750.0, '2023-10-18', '2024-02-25', 2775.0, 231.0),
(296, 26, 'Jagung', 3750.0, '2023-02-15', '2023-06-11', 2779.0, 246.0),
(297, 26, 'Padi', 3750.0, '2023-06-03', '2024-10-19', 2737.0, 214.0),
(298, 27, 'Padi', 3600.0, '2023-10-20', '2024-02-22', 3277.0, 236.0),
(299, 27, 'Jagung', 3600.0, '2023-02-02', '2023-06-30', 3153.0, 250.0),
(300, 27, 'Padi', 3600.0, '2023-06-25', '2024-10-28', 3209.0, 226.0),
(301, 1, 'Padi', 3800.0, '2024-10-11', '2025-02-12', 3111.0, 235.0),
(302, 1, 'Jagung', 3800.0, '2024-02-26', '2024-06-14', 2979.0, 204.0),
(303, 1, 'Padi', 3800.0, '2024-06-30', '2025-10-22', 2921.0, 203.0),
(304, 2, 'Padi', 3700.0, '2024-10-14', '2025-02-21', 3170.0, 203.0),
(305, 2, 'Jagung', 3700.0, '2024-02-08', '2024-06-30', 3290.0, 218.0),
(306, 2, 'Padi', 3700.0, '2024-06-05', '2025-10-22', 3160.0, 231.0),
(307, 3, 'Padi', 3600.0, '2024-10-27', '2025-02-11', 2927.0, 200.0),
(308, 3, 'Jagung', 3600.0, '2024-02-19', '2024-06-05', 3191.0, 219.0),
(309, 3, 'Padi', 3600.0, '2024-06-28', '2025-10-09', 3151.0, 220.0),
(310, 4, 'Padi', 3900.0, '2024-10-11', '2025-02-18', 2924.0, 218.0),
(311, 4, 'Jagung', 3900.0, '2024-02-22', '2024-06-12', 2822.0, 213.0),
(312, 4, 'Padi', 3900.0, '2024-06-01', '2025-10-26', 3207.0, 205.0),
(313, 5, 'Padi', 3500.0, '2024-10-03', '2025-02-28', 3422.0, 225.0),
(314, 5, 'Jagung', 3500.0, '2024-02-04', '2024-06-22', 3016.0, 201.0),
(315, 5, 'Padi', 3500.0, '2024-06-15', '2025-10-18', 3101.0, 233.0),
(316, 6, 'Padi', 3600.0, '2024-10-19', '2025-02-14', 2851.0, 247.0),
(317, 6, 'Jagung', 3600.0, '2024-02-21', '2024-06-03', 2700.0, 209.0),
(318, 6, 'Padi', 3600.0, '2024-06-24', '2025-10-02', 2934.0, 249.0),
(319, 7, 'Padi', 3700.0, '2024-10-25', '2025-02-12', 2628.0, 227.0),
(320, 7, 'Jagung', 3700.0, '2024-02-06', '2024-06-26', 2655.0, 240.0),
(321, 7, 'Padi', 3700.0, '2024-06-19', '2025-10-29', 2892.0, 237.0),
(322, 8, 'Padi', 3800.0, '2024-10-07', '2025-02-21', 3435.0, 226.0),
(323, 8, 'Jagung', 3800.0, '2024-02-13', '2024-06-15', 3459.0, 224.0),
(324, 8, 'Padi', 3800.0, '2024-06-08', '2025-10-14', 3309.0, 247.0),
(325, 9, 'Padi', 3650.0, '2024-10-14', '2025-02-23', 3109.0, 225.0),
(326, 9, 'Jagung', 3650.0, '2024-02-27', '2024-06-10', 2815.0, 229.0),
(327, 9, 'Padi', 3650.0, '2024-06-25', '2025-10-05', 2871.0, 203.0),
(328, 11, 'Padi', 4000.0, '2024-10-02', '2025-02-28', 3082.0, 215.0),
(329, 11, 'Jagung', 4000.0, '2024-02-05', '2024-06-21', 3428.0, 247.0),
(330, 11, 'Padi', 4000.0, '2024-06-11', '2025-10-22', 3426.0, 233.0),
(331, 12, 'Padi', 3900.0, '2024-10-22', '2025-02-18', 3519.0, 206.0),
(332, 12, 'Jagung', 3900.0, '2024-02-18', '2024-06-14', 3535.0, 224.0),
(333, 12, 'Padi', 3900.0, '2024-06-21', '2025-10-28', 3357.0, 209.0),
(334, 14, 'Padi', 3500.0, '2024-10-09', '2025-02-20', 2607.0, 210.0),
(335, 14, 'Jagung', 3500.0, '2024-02-24', '2024-06-09', 2713.0, 200.0),
(336, 14, 'Padi', 3500.0, '2024-06-17', '2025-10-20', 2676.0, 216.0),
(337, 15, 'Padi', 3600.0, '2024-10-15', '2025-02-25', 3239.0, 205.0),
(338, 15, 'Jagung', 3600.0, '2024-02-12', '2024-06-22', 3097.0, 242.0),
(339, 15, 'Padi', 3600.0, '2024-06-08', '2025-10-13', 3217.0, 201.0),
(340, 16, 'Padi', 3700.0, '2024-10-20', '2025-02-24', 3075.0, 243.0),
(341, 16, 'Jagung', 3700.0, '2024-02-27', '2024-06-03', 3137.0, 221.0),
(342, 16, 'Padi', 3700.0, '2024-06-19', '2025-10-27', 3184.0, 237.0),
(343, 17, 'Padi', 3800.0, '2024-10-12', '2025-02-18', 3413.0, 224.0),
(344, 17, 'Jagung', 3800.0, '2024-02-05', '2024-06-26', 3652.0, 239.0),
(345, 17, 'Padi', 3800.0, '2024-06-21', '2025-10-24', 3353.0, 201.0),
(346, 18, 'Padi', 2800.0, '2024-10-18', '2025-02-25', 2139.0, 208.0),
(347, 18, 'Jagung', 2800.0, '2024-02-15', '2024-06-11', 1985.0, 234.0),
(348, 18, 'Padi', 2800.0, '2024-06-03', '2025-10-19', 2145.0, 223.0),
(349, 19, 'Padi', 3400.0, '2024-10-20', '2025-02-22', 3158.0, 201.0),
(350, 19, 'Jagung', 3400.0, '2024-02-02', '2024-06-30', 3326.0, 214.0),
(351, 19, 'Padi', 3400.0, '2024-06-25', '2025-10-28', 3308.0, 211.0),
(352, 20, 'Padi', 3600.0, '2024-10-09', '2025-02-24', 3383.0, 245.0),
(353, 20, 'Jagung', 3600.0, '2024-02-12', '2024-06-18', 3436.0, 244.0),
(354, 20, 'Padi', 3600.0, '2024-06-25', '2025-10-14', 3304.0, 249.0),
(355, 21, 'Padi', 3500.0, '2024-10-14', '2025-02-21', 3363.0, 227.0),
(356, 21, 'Jagung', 3500.0, '2024-02-08', '2024-06-30', 3267.0, 226.0),
(357, 21, 'Padi', 3500.0, '2024-06-05', '2025-10-22', 2919.0, 239.0),
(358, 22, 'Padi', 3600.0, '2024-10-27', '2025-02-11', 2906.0, 243.0),
(359, 22, 'Jagung', 3600.0, '2024-02-19', '2024-06-05', 2746.0, 249.0),
(360, 22, 'Padi', 3600.0, '2024-06-28', '2025-10-09', 2774.0, 217.0),
(361, 23, 'Padi', 3700.0, '2024-10-11', '2025-02-18', 2899.0, 220.0),
(362, 23, 'Jagung', 3700.0, '2024-02-22', '2024-06-12', 2969.0, 245.0),
(363, 23, 'Padi', 3700.0, '2024-06-01', '2025-10-26', 2845.0, 206.0),
(364, 24, 'Padi', 3650.0, '2024-10-03', '2025-02-28', 3273.0, 225.0),
(365, 24, 'Jagung', 3650.0, '2024-02-04', '2024-06-22', 3105.0, 206.0),
(366, 24, 'Padi', 3650.0, '2024-06-15', '2025-10-18', 3123.0, 227.0),
(367, 25, 'Padi', 3550.0, '2024-10-19', '2025-02-14', 3006.0, 208.0),
(368, 25, 'Jagung', 3550.0, '2024-02-21', '2024-06-03', 3234.0, 246.0),
(369, 25, 'Padi', 3550.0, '2024-06-24', '2025-10-02', 3125.0, 231.0),
(370, 26, 'Padi', 3750.0, '2024-10-25', '2025-02-12', 3037.0, 245.0),
(371, 26, 'Jagung', 3750.0, '2024-02-06', '2024-06-26', 2704.0, 227.0),
(372, 26, 'Padi', 3750.0, '2024-06-19', '2025-10-29', 2879.0, 227.0),
(373, 27, 'Padi', 3600.0, '2024-10-07', '2025-02-21', 2865.0, 212.0),
(374, 27, 'Jagung', 3600.0, '2024-02-13', '2024-06-15', 2979.0, 223.0),
(375, 27, 'Padi', 3600.0, '2024-06-08', '2025-10-14', 2648.0, 214.0),
(376, 1, 'Padi', 3800.0, '2019-10-15', '2020-02-15', 3120.0, 210.0),
(377, 2, 'Padi', 3700.0, '2019-10-20', '2020-02-20', 3050.0, 215.0),
(378, 3, 'Padi', 3600.0, '2019-11-01', '2020-03-05', 2980.0, 205.0),
(379, 4, 'Padi', 3900.0, '2019-10-25', '2020-02-28', 3200.0, 220.0),
(380, 5, 'Padi', 3500.0, '2019-11-05', '2020-03-10', 2850.0, 195.0),
(381, 11, 'Padi', 4000.0, '2020-07-01', '2020-11-05', 3350.0, 240.0),
(382, 12, 'Padi', 3900.0, '2020-07-05', '2020-11-10', 3280.0, 235.0),
(383, 14, 'Padi', 3500.0, '2020-07-10', '2020-11-15', 2900.0, 210.0),
(384, 15, 'Padi', 3600.0, '2020-07-15', '2020-11-20', 3050.0, 225.0),
(385, 16, 'Padi', 3700.0, '2020-07-20', '2020-11-25', 3150.0, 230.0),
(386, 1, 'Jagung', 3800.0, '2025-02-15', '2025-06-20', 3050.0, 210.0),
(387, 2, 'Jagung', 3700.0, '2025-02-20', '2025-06-25', 3120.0, 225.0),
(388, 3, 'Jagung', 3600.0, '2025-03-01', '2025-07-05', 2890.0, 205.0),
(389, 4, 'Jagung', 3900.0, '2025-02-10', '2025-06-15', 3300.0, 230.0),
(390, 5, 'Jagung', 3500.0, '2025-03-05', '2025-07-10', 2750.0, 200.0),
(391, 11, 'Jagung', 4000.0, '2025-02-25', '2025-06-30', 3450.0, 245.0),
(392, 12, 'Jagung', 3900.0, '2025-03-02', '2025-07-08', 3200.0, 235.0),
(393, 14, 'Jagung', 3500.0, '2025-02-18', '2025-06-22', 2950.0, 215.0),
(394, 15, 'Jagung', 3600.0, '2025-03-10', '2025-07-15', 3010.0, 220.0),
(395, 16, 'Jagung', 3700.0, '2025-02-12', '2025-06-18', 3180.0, 228.0);

-- --------------------------------------------------------

--
-- Table structure for table `kuota_pupuk`
--

CREATE TABLE `kuota_pupuk` (
  `id_kuota` int(11) NOT NULL,
  `jenis_pupuk` varchar(25) NOT NULL,
  `total_kuota` int(11) NOT NULL
) ENGINE=InnoDB DEFAULT CHARSET=utf8mb4 COLLATE=utf8mb4_general_ci;

--
-- Dumping data for table `kuota_pupuk`
--

INSERT INTO `kuota_pupuk` (`id_kuota`, `jenis_pupuk`, `total_kuota`) VALUES
(1, 'Urea', 200),
(2, 'NPK Phonska', 150),
(3, 'ZA', 100),
(4, 'SP-36', 80);

-- --------------------------------------------------------

--
-- Table structure for table `pengguna`
--

CREATE TABLE `pengguna` (
  `id_pengguna` int(11) NOT NULL,
  `nama_pengguna` varchar(50) NOT NULL,
  `nik_pengguna` char(16) NOT NULL,
  `no_kartutani` char(16) DEFAULT NULL,
  `jabatan` enum('Anggota','Ketua','Wakil Ketua','Sekretaris','Bendahara') NOT NULL
) ENGINE=InnoDB DEFAULT CHARSET=utf8mb4 COLLATE=utf8mb4_general_ci;

--
-- Dumping data for table `pengguna`
--

INSERT INTO `pengguna` (`id_pengguna`, `nama_pengguna`, `nik_pengguna`, `no_kartutani`, `jabatan`) VALUES
(1, 'Widiantoro', '3403010106760002', '6013010649325900', 'Bendahara'),
(2, 'Sukinem', '3509011200000002', '1234567890123457', 'Wakil Ketua'),
(3, 'Pardi', '3509011200000003', '1234567890123458', 'Sekretaris'),
(4, 'Wagini', '3509011200000004', '1234567890123459', 'Bendahara'),
(5, 'Riswanto', '3400010910090002', '1234567890123460', 'Anggota'),
(6, 'Suripto', '3403010712510002', '6013010649325736', 'Anggota'),
(7, 'Sugiyarto', '3403013007760001', '6013010649325868', 'Anggota'),
(8, 'Rubiyono', '3403013112700043', '6013010649325918', 'Anggota'),
(9, 'Ngatijo', '3403011401680002', '1234567890123464', 'Anggota'),
(11, 'Bambang Triyono', '3403011107760003', '6013010649325710', 'Ketua'),
(12, 'Andom Sumadi', '3403010208780001', '6013010649325876', 'Sekretaris'),
(14, 'Rubino', '3403010504570001', '6013010649325850', 'Anggota'),
(15, 'Partono', '3403011912480001', '6013010649325843', 'Anggota'),
(16, 'Maridi', '3403011402730001', '1874974138897127', 'Anggota'),
(17, 'Teguh Widodo', '3403011902770001', '6013010649325884', 'Anggota'),
(18, 'Wasimin', '3403011105630003', '6013010649325793', 'Anggota'),
(19, 'Puput Rismawan', '3403092708840002', '6013010649327815', 'Anggota'),
(20, 'Sukino', '3403010604570004', '6013010649325744', 'Anggota'),
(21, 'Rejo Suwito', '3403011205540001', '6013011621623775', 'Anggota'),
(22, 'Tukino', '3403011207600003', '6013010649325777', 'Anggota'),
(23, 'Suradi', '3403010608560002', '6013010651163728', 'Anggota'),
(24, 'Suradji', '3403010606490003', '6013011621802551', 'Anggota'),
(25, 'Poniran', '3403013112640041', '6013010649325785', 'Anggota'),
(26, 'Sumiyanto', '3403012101790001', '6013011621939502', 'Anggota'),
(27, 'Sugiyatno', '3400011203730001', '6013010649325835', 'Anggota');

-- --------------------------------------------------------

--
-- Table structure for table `pengurus`
--

CREATE TABLE `pengurus` (
  `id_pengurus` int(11) NOT NULL,
  `id_pengguna` int(11) NOT NULL,
  `username` varchar(10) NOT NULL,
  `password` varchar(20) NOT NULL
) ENGINE=InnoDB DEFAULT CHARSET=utf8mb4 COLLATE=utf8mb4_general_ci;

--
-- Dumping data for table `pengurus`
--

INSERT INTO `pengurus` (`id_pengurus`, `id_pengguna`, `username`, `password`) VALUES
(1, 1, 'bnd', '123'),
(2, 11, 'ketua', '123'),
(3, 12, 'skr', '123');

-- --------------------------------------------------------

--
-- Table structure for table `pupuk_subsidi`
--

CREATE TABLE `pupuk_subsidi` (
  `id_pupuk` int(11) NOT NULL,
  `id_pengguna` int(11) NOT NULL,
  `tanggal_pengajuan` date NOT NULL,
  `jumlah_pupuk` int(11) NOT NULL,
  `jenis_pupuk` varchar(25) NOT NULL,
  `harga_satuan` int(11) NOT NULL,
  `total_harga` int(11) GENERATED ALWAYS AS (`jumlah_pupuk` * `harga_satuan`) STORED
) ENGINE=InnoDB DEFAULT CHARSET=utf8mb4 COLLATE=utf8mb4_general_ci;

--
-- Dumping data for table `pupuk_subsidi`
--

INSERT INTO `pupuk_subsidi` (`id_pupuk`, `id_pengguna`, `tanggal_pengajuan`, `jumlah_pupuk`, `jenis_pupuk`, `harga_satuan`) VALUES
(1, 5, '2025-01-05', 2, 'Urea', 135000),
(2, 6, '2025-01-07', 2, 'Urea', 135000),
(3, 7, '2025-03-10', 1, 'Urea', 135000),
(4, 8, '2025-03-12', 2, 'ZA', 135000);

--
-- Indexes for dumped tables
--

--
-- Indexes for table `bantuan`
--
ALTER TABLE `bantuan`
  ADD PRIMARY KEY (`id_bantuan`),
  ADD KEY `id_pengguna` (`id_pengguna`);

--
-- Indexes for table `hasil_panen`
--
ALTER TABLE `hasil_panen`
  ADD PRIMARY KEY (`id_panen`),
  ADD KEY `id_pengguna` (`id_pengguna`);

--
-- Indexes for table `kuota_pupuk`
--
ALTER TABLE `kuota_pupuk`
  ADD PRIMARY KEY (`id_kuota`);

--
-- Indexes for table `pengguna`
--
ALTER TABLE `pengguna`
  ADD PRIMARY KEY (`id_pengguna`),
  ADD UNIQUE KEY `nik_pengguna` (`nik_pengguna`),
  ADD UNIQUE KEY `no_kartutani` (`no_kartutani`);

--
-- Indexes for table `pengurus`
--
ALTER TABLE `pengurus`
  ADD PRIMARY KEY (`id_pengurus`),
  ADD KEY `id_pengguna` (`id_pengguna`);

--
-- Indexes for table `pupuk_subsidi`
--
ALTER TABLE `pupuk_subsidi`
  ADD PRIMARY KEY (`id_pupuk`),
  ADD KEY `id_pengguna` (`id_pengguna`);

--
-- AUTO_INCREMENT for dumped tables
--

--
-- AUTO_INCREMENT for table `bantuan`
--
ALTER TABLE `bantuan`
  MODIFY `id_bantuan` int(11) NOT NULL AUTO_INCREMENT, AUTO_INCREMENT=7;

--
-- AUTO_INCREMENT for table `hasil_panen`
--
ALTER TABLE `hasil_panen`
  MODIFY `id_panen` int(11) NOT NULL AUTO_INCREMENT, AUTO_INCREMENT=1459;

--
-- AUTO_INCREMENT for table `kuota_pupuk`
--
ALTER TABLE `kuota_pupuk`
  MODIFY `id_kuota` int(11) NOT NULL AUTO_INCREMENT, AUTO_INCREMENT=5;

--
-- AUTO_INCREMENT for table `pengguna`
--
ALTER TABLE `pengguna`
  MODIFY `id_pengguna` int(11) NOT NULL AUTO_INCREMENT, AUTO_INCREMENT=29;

--
-- AUTO_INCREMENT for table `pengurus`
--
ALTER TABLE `pengurus`
  MODIFY `id_pengurus` int(11) NOT NULL AUTO_INCREMENT, AUTO_INCREMENT=6;

--
-- AUTO_INCREMENT for table `pupuk_subsidi`
--
ALTER TABLE `pupuk_subsidi`
  MODIFY `id_pupuk` int(11) NOT NULL AUTO_INCREMENT, AUTO_INCREMENT=6;

--
-- Constraints for dumped tables
--

--
-- Constraints for table `bantuan`
--
ALTER TABLE `bantuan`
  ADD CONSTRAINT `bantuan_ibfk_1` FOREIGN KEY (`id_pengguna`) REFERENCES `pengguna` (`id_pengguna`) ON DELETE CASCADE ON UPDATE CASCADE;

--
-- Constraints for table `hasil_panen`
--
ALTER TABLE `hasil_panen`
  ADD CONSTRAINT `hasil_panen_ibfk_1` FOREIGN KEY (`id_pengguna`) REFERENCES `pengguna` (`id_pengguna`) ON DELETE CASCADE ON UPDATE CASCADE;

--
-- Constraints for table `pengurus`
--
ALTER TABLE `pengurus`
  ADD CONSTRAINT `pengurus_ibfk_1` FOREIGN KEY (`id_pengguna`) REFERENCES `pengguna` (`id_pengguna`) ON DELETE CASCADE ON UPDATE CASCADE;

--
-- Constraints for table `pupuk_subsidi`
--
ALTER TABLE `pupuk_subsidi`
  ADD CONSTRAINT `pupuk_subsidi_ibfk_1` FOREIGN KEY (`id_pengguna`) REFERENCES `pengguna` (`id_pengguna`) ON DELETE CASCADE ON UPDATE CASCADE;
COMMIT;

/*!40101 SET CHARACTER_SET_CLIENT=@OLD_CHARACTER_SET_CLIENT */;
/*!40101 SET CHARACTER_SET_RESULTS=@OLD_CHARACTER_SET_RESULTS */;
/*!40101 SET COLLATION_CONNECTION=@OLD_COLLATION_CONNECTION */;
